Country,Actual,Neural Network
Australia,7.1,7.032253
Austria,7.2,7.57805
Belgium,6.8,6.145108
Brazil,6.1,5.011387
Canada,7.0,7.117284
Chile,6.2,5.885621
Colombia,5.7,5.980284
Costa Rica,6.3,5.746236
Czechia,6.9,6.48212
Denmark,7.5,7.000678
Estonia,6.5,6.452004
Finland,7.9,7.395324
France,6.7,6.711039
Germany,7.3,7.052627
Greece,5.8,6.082152
Hungary,6.0,6.078937
Iceland,7.6,7.149387
Ireland,7.0,6.757255
Israel,7.2,7.284555
Italy,6.5,6.419472
Japan,6.1,7.523414
Korea,5.8,7.539088
Latvia,6.2,6.05078
Lithuania,6.4,5.930912
Luxembourg,7.4,7.50818
Mexico,6.0,4.91499
Netherlands,7.5,7.262447
New Zealand,7.3,7.221524
Norway,7.3,8.023336
Poland,6.1,6.214742
Portugal,5.8,6.590178
Russia,5.5,5.331902
Slovak Republic,6.5,6.149015
Slovenia,6.5,7.232265
South Africa,4.9,3.953175
Spain,6.5,6.662765
Sweden,7.3,6.956569
Switzerland,7.5,7.775941
Türkiye,4.9,6.321356
United Kingdom,6.8,6.87326
United States,7.0,7.444432
